,mean,std,min,25%,50%,75%,max
bytecnt_1_clarity,3.642857142857143,1.15072838853303,2.0,3.0,4.0,4.75,5.0
bytecnt_2_clarity,3.9285714285714284,0.8287419301647447,2.0,4.0,4.0,4.0,5.0
bytecnt_3_clarity,3.7142857142857144,1.0690449676496976,1.0,3.0,4.0,4.0,5.0
bytecnt_4_clarity,3.357142857142857,1.1507283885330302,1.0,3.0,3.5,4.0,5.0
bytecnt_5_clarity,3.142857142857143,1.0994504121565505,2.0,2.0,3.0,4.0,5.0
combined,3.557142857142857,1.071849468742646,1.0,3.0,4.0,4.0,5.0
