,mean,std,min,25%,50%,75%,max
bytecnt_1_usefulness,3.5714285714285716,1.0894095588038444,2.0,3.0,4.0,4.0,5.0
bytecnt_2_usefulness,3.9285714285714284,0.9168747682531899,2.0,3.25,4.0,4.75,5.0
bytecnt_3_usefulness,2.857142857142857,1.561909228976012,1.0,1.0,3.0,4.0,5.0
bytecnt_4_usefulness,4.285714285714286,0.6112498455021267,3.0,4.0,4.0,5.0,5.0
bytecnt_5_usefulness,3.0,1.2403473458920846,1.0,2.0,3.0,4.0,5.0
combined,3.5285714285714285,1.2244067308905582,1.0,3.0,4.0,4.0,5.0
