,mean,std,min,25%,50%,75%,max
date_1_clarity,3.0,1.0954451150103321,1.0,2.0,3.0,4.0,4.0
date_2_clarity,2.909090909090909,1.044465935734187,1.0,2.0,3.0,4.0,4.0
date_3_clarity,4.181818181818182,0.6030226891555273,3.0,4.0,4.0,4.5,5.0
date_4_clarity,3.909090909090909,0.7006490497453707,3.0,3.5,4.0,4.0,5.0
date_5_clarity,3.727272727272727,0.904534033733291,2.0,3.0,4.0,4.0,5.0
combined,3.5454545454545454,0.9966273091110807,1.0,3.0,4.0,4.0,5.0
