,mean,std,min,25%,50%,75%,max
email_1_correctness,4.294117647058823,0.7717436331412898,3.0,4.0,4.0,5.0,5.0
email_2_correctness,3.9375,0.9979144919948469,1.0,4.0,4.0,4.25,5.0
email_3_correctness,3.5,0.7302967433402214,2.0,3.0,3.5,4.0,5.0
email_4_correctness,3.625,1.3102162671355697,2.0,2.0,4.0,5.0,5.0
email_5_correctness,4.25,0.7745966692414834,3.0,4.0,4.0,5.0,5.0
combined,3.925925925925926,0.97182531580755,1.0,3.0,4.0,5.0,5.0
