,mean,std,min,25%,50%,75%,max
email_1_clarity,3.764705882352941,1.3476559169863187,1.0,3.0,4.0,5.0,5.0
email_2_clarity,3.875,0.806225774829855,2.0,3.75,4.0,4.0,5.0
email_3_clarity,3.125,1.1474609652039003,1.0,2.0,3.5,4.0,5.0
email_4_clarity,3.4375,1.2093386622447824,1.0,2.75,4.0,4.0,5.0
email_5_clarity,3.875,0.8850612031567836,2.0,3.0,4.0,4.25,5.0
combined,3.617283950617284,1.1131924949729932,1.0,3.0,4.0,4.0,5.0
